Neighborhood,Exterior1st,YearBuilt,LotFrontage,GrLivArea,GarageArea,SalePrice
CollgCr,VinylSd,2003,65.0,1710,548,208500
Other,Other,1976,80.0,1262,460,181500
CollgCr,VinylSd,2001,68.0,1786,608,223500
Other,Other,1915,60.0,1717,642,140000
Other,VinylSd,2000,84.0,2198,836,250000
Other,VinylSd,1993,85.0,1362,480,143000
Other,VinylSd,2004,75.0,1694,636,307000
Other,HdBoard,1973,,2090,484,200000
OldTown,Other,1931,51.0,1774,468,129900
Other,Other,1939,50.0,1077,205,118000
Other,HdBoard,1965,70.0,1040,384,129500
Other,Other,2005,85.0,2324,736,345000
Other,HdBoard,1962,,912,352,144000
CollgCr,VinylSd,2006,91.0,1494,840,279500
NAmes,Other,1960,,1253,352,157000
Other,Other,1929,51.0,854,576,132000
NAmes,Other,1970,,1004,480,149000
Other,Other,1967,72.0,1296,516,90000
Other,VinylSd,2004,66.0,1114,576,159000
NAmes,Other,1958,70.0,1339,294,139000
Other,VinylSd,2005,101.0,2376,853,325300
Other,Other,1930,57.0,1108,280,139400
CollgCr,VinylSd,2002,75.0,1795,534,230000
Other,Other,1976,44.0,1060,572,129900
Other,Other,1968,,1060,270,154000
Other,VinylSd,2007,110.0,1600,890,256300
NAmes,Other,1951,60.0,900,576,134800
Other,VinylSd,2007,98.0,1704,772,306000
NAmes,Other,1957,47.0,1600,319,207500
Other,Other,1927,60.0,520,240,68500
Other,Other,1920,50.0,1317,250,40000
Other,HdBoard,1966,,1228,271,149350
CollgCr,VinylSd,2007,85.0,1234,484,179900
NAmes,Other,1959,70.0,1700,447,165500
Other,Other,2005,60.0,1561,556,277500
Other,VinylSd,2004,108.0,2452,691,309000
CollgCr,VinylSd,1994,112.0,1097,672,145000
NAmes,Other,1954,74.0,1297,498,153000
NAmes,,1953,68.0,1057,246,109000
Edwards,,1955,65.0,1152,0,82000
NAmes,Other,1965,84.0,1324,440,160000
Other,VinylSd,1959,115.0,1328,308,170000
Other,HdBoard,1983,,884,504,144000
CollgCr,VinylSd,1975,,938,308,130250
NAmes,Other,1959,70.0,1150,300,141000
Other,Other,2005,61.0,1752,576,319900
Other,VinylSd,2003,48.0,2149,670,239686
Other,VinylSd,2006,84.0,1656,826,249700
OldTown,Other,1920,33.0,1452,0,113000
Other,HdBoard,1966,66.0,955,386,127000
Other,VinylSd,1997,,1470,388,177000
Other,Other,1934,52.0,1176,528,114500
Other,Other,1963,110.0,816,516,110000
Other,,1981,68.0,1842,894,385000
NAmes,Other,1955,60.0,1360,572,130000
NAmes,HdBoard,1964,100.0,1425,576,180500
Other,Other,1999,24.0,1739,480,172500
CollgCr,VinylSd,2004,89.0,1720,565,196500
Other,VinylSd,2006,66.0,2945,641,438780
CollgCr,HdBoard,1972,60.0,780,352,124900
Other,VinylSd,2004,63.0,1158,576,158000
Other,Other,1920,60.0,1111,288,101000
Other,VinylSd,2006,44.0,1370,484,202500
OldTown,Other,1921,50.0,1710,480,140000
CollgCr,VinylSd,1997,,2034,645,219500
Other,VinylSd,2004,76.0,2473,852,317000
NAmes,Other,1970,,2207,576,180000
CollgCr,VinylSd,2003,72.0,1479,558,226000
OldTown,Other,1945,47.0,747,220,80000
Other,Other,1953,81.0,2287,667,225000
NAmes,Other,1973,95.0,2223,516,244000
Other,HdBoard,1982,69.0,845,360,129500
Other,VinylSd,1998,74.0,1718,427,185000
NAmes,Other,1954,85.0,1086,490,144900
OldTown,VinylSd,1915,60.0,1605,379,107400
Other,Other,1973,21.0,988,297,91000
NAmes,VinylSd,1956,,952,283,135750
Other,Other,1948,50.0,1285,240,127000
Other,HdBoard,1968,72.0,1768,0,136500
OldTown,Other,1910,60.0,1230,440,110000
NAmes,VinylSd,1968,100.0,2142,509,193500
Other,VinylSd,1998,32.0,1337,405,153500
Other,VinylSd,2007,78.0,1563,758,245000
NAmes,Other,1960,80.0,1065,461,126500
Other,HdBoard,1995,,1474,400,168500
Other,HdBoard,1991,121.0,2417,462,260000
Other,VinylSd,2005,122.0,1560,400,174000
Other,VinylSd,2009,40.0,1224,528,164500
Other,Other,1915,105.0,1526,0,85000
CollgCr,,1994,60.0,990,0,123600
NAmes,Other,1950,60.0,1040,420,109900
NAmes,HdBoard,1961,85.0,1235,480,98600
Other,,1921,80.0,964,432,163500
OldTown,Other,1910,60.0,2291,506,133900
CollgCr,VinylSd,1997,69.0,1786,684,204750
Other,VinylSd,1993,,1470,420,185000
CollgCr,VinylSd,1999,78.0,1588,472,214000
Edwards,HdBoard,1965,73.0,960,432,94750
Edwards,Other,1920,85.0,835,366,83000
NAmes,Other,1959,77.0,1225,0,128950
Other,Other,1977,,1610,480,205000
Other,HdBoard,1985,77.0,1732,476,178000
Other,HdBoard,1979,64.0,1535,410,118964
CollgCr,VinylSd,2009,94.0,1226,740,198900
Other,Other,1931,,1818,240,169500
Other,VinylSd,2003,75.0,1992,648,250000
OldTown,VinylSd,1885,60.0,1047,273,100000
OldTown,VinylSd,1948,50.0,789,250,115000
Other,Other,1919,85.0,1517,0,115000
Other,Other,1977,105.0,1844,546,190000
Edwards,Other,1954,75.0,1855,325,136900
Other,VinylSd,2000,,1430,400,180000
CollgCr,VinylSd,2007,77.0,2696,792,383970
Other,Other,1953,,2259,450,217000
Other,Other,1945,61.0,2320,180,259500
Other,Other,1999,34.0,1458,440,176000
Other,Other,1962,,1092,288,139000
Edwards,VinylSd,2006,74.0,1125,430,155000
Other,Other,1990,90.0,3222,594,320000
CollgCr,VinylSd,2005,65.0,1456,390,163990
Other,Other,1969,,988,540,180000
Other,Other,1939,50.0,1123,264,100000
NAmes,Other,1958,75.0,1080,288,136000
Other,Other,1993,55.0,1199,530,153900
Other,HdBoard,1979,48.0,1586,435,181000
Other,Other,1935,60.0,754,0,84500
Other,Other,1976,,958,440,128000
OldTown,Other,1930,55.0,840,0,87000
NAmes,,1966,69.0,1348,453,155000
NAmes,Other,1958,69.0,1053,750,150000
NAmes,Other,1966,88.0,2157,487,226000
Other,VinylSd,2000,,2054,390,244000
NAmes,Other,1959,75.0,1327,624,150750
Other,VinylSd,2001,,1296,471,220000
Other,Other,1968,78.0,1721,440,180000
Other,Other,1970,80.0,1682,530,174000
NAmes,Other,1967,,1214,318,143000
Other,VinylSd,1988,82.0,1959,766,171000
CollgCr,VinylSd,1999,73.0,1852,660,230000
CollgCr,VinylSd,1997,65.0,1764,470,231500
NAmes,HdBoard,1971,70.0,864,0,115000
CollgCr,VinylSd,2005,78.0,1734,660,260000
NAmes,Other,1952,71.0,1385,720,166000
CollgCr,VinylSd,1999,78.0,1501,577,204000
Other,HdBoard,1963,70.0,1728,504,125000
Edwards,VinylSd,2004,24.0,1709,380,130000
Other,Other,1931,51.0,875,180,105000
Other,VinylSd,2001,,2035,434,222500
Other,VinylSd,2004,63.0,1080,0,141000
Other,Other,1936,,1344,240,115000
CollgCr,HdBoard,1975,120.0,969,440,122000
Other,VinylSd,2007,107.0,1710,866,372402
Other,HdBoard,1971,,1993,495,190000
Other,Other,1960,,1252,564,235000
OldTown,Other,1923,84.0,1200,312,125000
Edwards,Other,1924,60.0,1096,0,79000
,Other,1950,60.0,1040,625,109500
Other,VinylSd,2009,92.0,1968,680,269500
Other,VinylSd,2004,100.0,1947,678,254900
Other,VinylSd,2005,134.0,2462,576,320000
Other,Other,1984,,1232,516,162500
Other,VinylSd,2003,110.0,2668,726,412500
Other,VinylSd,2005,95.0,1541,532,220000
OldTown,Other,1956,55.0,882,0,103200
OldTown,Other,1926,40.0,1616,216,152000
Edwards,Other,1940,62.0,1355,0,127500
Other,Other,1955,,1867,303,190000
Other,VinylSd,2007,86.0,2161,789,325624
Other,VinylSd,2004,62.0,1720,440,183500
Other,Other,1981,,1707,511,228000
OldTown,Other,1941,,1382,660,128500
NAmes,Other,1960,141.0,1656,528,215000
Other,HdBoard,1987,44.0,1767,504,239000
NAmes,Other,1961,80.0,1362,504,163000
Other,VinylSd,1986,47.0,1651,616,184000
Edwards,Other,1950,84.0,2158,576,243000
Other,Other,1988,97.0,2060,521,211000
Other,Other,1958,,1920,451,172500
Other,VinylSd,2008,63.0,2234,1166,501837
OldTown,Other,1923,60.0,968,480,100000
Other,,2000,,1525,440,177000
Other,Other,1920,54.0,1802,216,200100
Edwards,Other,1957,60.0,1340,252,120000
OldTown,VinylSd,2003,63.0,2082,484,200000
Other,Other,1908,92.0,1252,576,127000
OldTown,Other,1892,90.0,3608,840,475000
Other,HdBoard,1990,,1217,497,173000
OldTown,HdBoard,1916,60.0,1656,180,135000
Other,Other,1979,64.0,1224,528,153337
Other,Other,2001,41.0,1593,682,286000
Other,Other,1932,70.0,2727,440,315000
NAmes,HdBoard,1972,,1479,484,184000
CollgCr,VinylSd,1999,68.0,1431,666,192000
Edwards,VinylSd,2004,24.0,1709,380,130000
CollgCr,HdBoard,1972,60.0,864,352,127000
Other,Other,1976,24.0,1456,440,148500
Other,Other,2007,79.0,1726,786,311872
NAmes,Other,1918,174.0,3112,795,235000
OldTown,Other,1912,92.0,2229,0,104000
Other,VinylSd,2004,76.0,1713,856,274900
Edwards,VinylSd,2003,80.0,1121,440,140000
Other,Other,1977,75.0,1279,473,171500
OldTown,Other,1924,50.0,1310,398,112000
CollgCr,VinylSd,2004,,848,420,149000
OldTown,Other,1947,50.0,1284,240,110000
Other,HdBoard,1990,99.0,1442,500,180500
Other,,1962,40.0,1696,349,143900
NAmes,Other,1960,,1100,312,141000
,Other,1988,,2062,454,277000
NAmes,HdBoard,1964,75.0,1092,504,145000
Edwards,Other,1925,67.0,864,0,98000
Edwards,VinylSd,2009,83.0,1212,460,186000
Other,VinylSd,2009,72.0,1852,644,252678
CollgCr,VinylSd,1995,43.0,990,576,156000
CollgCr,HdBoard,1977,,1392,299,161750
NAmes,HdBoard,1957,72.0,1236,447,134450
CollgCr,VinylSd,2004,65.0,1436,484,210000
OldTown,Other,1925,57.0,1328,210,107000
Other,VinylSd,1939,,1954,431,311500
Other,VinylSd,2005,43.0,1248,438,167240
CollgCr,VinylSd,2006,73.0,1498,675,204900
Other,VinylSd,2002,,2267,390,200000
Other,VinylSd,1975,85.0,1552,434,179900
NAmes,HdBoard,1971,70.0,864,576,97000
Other,VinylSd,2003,103.0,2392,968,386250
Other,HdBoard,1971,21.0,1302,280,112000
Other,VinylSd,1995,82.0,2520,721,290000
Other,HdBoard,1970,21.0,987,280,106000
Other,HdBoard,1967,70.0,912,336,125000
Other,VinylSd,2005,43.0,1555,430,192500
NAmes,Other,1959,73.0,1194,312,148000
Other,VinylSd,1995,174.0,2794,810,403000
Other,HdBoard,1972,21.0,987,288,94500
CollgCr,HdBoard,1976,75.0,894,308,128200
Other,,2002,,1960,440,216500
Other,HdBoard,1971,21.0,987,264,89500
CollgCr,VinylSd,2004,65.0,1414,494,185500
Other,HdBoard,1993,,1744,457,194500
Other,VinylSd,2007,93.0,1694,818,318000
Edwards,VinylSd,1945,52.0,1487,220,113000
Other,VinylSd,2008,75.0,1566,750,262500
OldTown,VinylSd,1945,40.0,866,0,110500
OldTown,Other,1900,63.0,1440,352,79000
Other,,1980,75.0,1217,288,120000
Other,VinylSd,1994,,2110,463,205000
Other,Other,1988,80.0,1872,604,241500
OldTown,Other,1910,69.0,1928,440,137000
NAmes,Other,1954,75.0,1375,451,140000
CollgCr,VinylSd,2003,72.0,1668,500,180000
Other,Other,1958,,2144,389,277000
Other,Other,1940,55.0,1306,0,76500
Other,VinylSd,2006,44.0,1625,538,235000
Other,VinylSd,2004,65.0,1640,520,173000
NAmes,HdBoard,1964,85.0,1302,309,158000
NAmes,Other,1957,70.0,1314,294,145000
Other,VinylSd,1999,66.0,2291,429,230000
Other,VinylSd,2003,64.0,1728,673,207500
CollgCr,VinylSd,2006,68.0,1604,660,220000
CollgCr,VinylSd,2001,80.0,1792,564,231500
OldTown,Other,1956,70.0,882,308,97000
NAmes,Other,1962,120.0,1382,884,176000
CollgCr,Other,2007,69.0,2574,868,276000
Other,HdBoard,1977,88.0,1212,492,151000
OldTown,Other,1929,50.0,1316,484,130000
OldTown,Other,1925,30.0,764,504,73000
Other,Other,1981,78.0,1422,576,175500
Other,VinylSd,1997,70.0,1511,413,185000
Other,Other,1939,60.0,2192,240,179500
Other,VinylSd,1940,71.0,778,924,120500
Edwards,HdBoard,1976,,1113,504,148000
Other,VinylSd,2006,84.0,1939,1053,266000
Other,Other,1954,73.0,1363,439,241500
Other,VinylSd,1999,92.0,2270,671,290000
NAmes,Other,1958,80.0,1632,338,139000
Other,HdBoard,1982,76.0,816,264,124500
Other,Other,1925,55.0,1548,672,205000
Other,VinylSd,2003,129.0,1560,573,201000
Other,VinylSd,1951,140.0,864,400,141000
Other,Other,2006,107.0,2121,732,415298
Other,Other,1977,83.0,2022,505,192000
Other,Other,1989,82.0,1982,575,228500
Other,VinylSd,2006,60.0,1262,572,185000
Other,VinylSd,2007,34.0,1314,626,207500
Other,VinylSd,2008,74.0,1468,898,244600
Other,Other,1992,50.0,1575,529,179200
Other,Other,2006,35.0,1250,528,164700
NAmes,Other,1962,77.0,1734,440,159000
NAmes,HdBoard,1971,,858,0,88000
Other,Other,1967,,900,280,122000
Other,Other,1915,60.0,1396,384,153575
CollgCr,VinylSd,2006,120.0,1919,685,233230
Other,VinylSd,1912,55.0,1716,0,135900
Edwards,Other,1949,60.0,1716,281,131000
Other,Other,1977,,2263,539,235000
NAmes,HdBoard,1953,80.0,1644,418,167000
Other,HdBoard,1984,37.0,1003,588,142500
Other,Other,1950,75.0,1558,282,152000
Other,VinylSd,1997,66.0,1950,576,239000
Other,HdBoard,1968,90.0,1743,539,175000
Other,HdBoard,1950,80.0,1152,300,158500
Other,Other,1953,90.0,1336,375,157000
CollgCr,VinylSd,1998,66.0,2452,683,267000
CollgCr,VinylSd,2001,118.0,1541,843,205000
CollgCr,VinylSd,1972,70.0,894,552,149900
OldTown,Other,1880,87.0,3493,870,295000
CollgCr,Other,2004,80.0,2000,888,305900
Other,HdBoard,1990,116.0,2243,746,225000
Other,Other,1920,,1406,0,89500
Edwards,VinylSd,1940,,861,539,82500
Other,VinylSd,2003,90.0,1944,708,360000
Other,HdBoard,1993,,1501,420,165600
NAmes,VinylSd,1948,50.0,972,240,132000
OldTown,,1939,65.0,1118,410,119900
Other,Other,1965,150.0,2036,513,375000
OldTown,Other,1925,60.0,1641,546,178000
Other,VinylSd,2004,71.0,1432,432,188500
,Other,1980,94.0,2353,484,260000
Other,VinylSd,2006,75.0,1959,1025,270000
Other,HdBoard,1993,90.0,2646,656,260000
Other,Other,1980,,1472,588,187500
Other,VinylSd,2006,111.0,2596,840,342643
Other,VinylSd,2004,99.0,2468,872,354000
Other,Other,1986,86.0,2730,576,301000
OldTown,VinylSd,1955,49.0,1163,220,126175
NAmes,Other,1967,96.0,2978,564,242000
Other,Other,1941,50.0,803,360,87000
Other,Other,1993,32.0,1719,473,324000
NAmes,Other,1960,80.0,1383,292,145250
Other,Other,1916,,2134,441,214500
Other,Other,1920,60.0,1192,189,78000
NAmes,HdBoard,1964,,1728,352,119000
NAmes,Other,1958,70.0,1056,308,139000
Other,VinylSd,2003,85.0,1629,880,284000
Other,VinylSd,2004,59.0,1358,484,207000
Other,VinylSd,1998,59.0,1638,472,192000
Other,Other,1965,,1786,529,228950
Other,VinylSd,2005,86.0,1922,676,377426
CollgCr,VinylSd,2002,70.0,1536,532,214000
Other,Other,1984,91.0,1621,440,202500
NAmes,Other,1958,66.0,1215,297,155000
Other,VinylSd,2002,85.0,1908,431,202900
Other,Other,1950,60.0,841,294,82000
NAmes,Other,1949,,1040,400,87500
Other,Other,2005,63.0,1684,564,266000
Other,Other,1976,36.0,1112,336,85000
Other,Other,1939,65.0,1577,312,140200
NAmes,Other,1960,,958,301,151500
NAmes,Other,1960,,1478,498,157500
Other,VinylSd,2003,36.0,1626,474,154000
Other,Other,2005,56.0,2728,706,437154
Other,Other,2007,68.0,1869,617,318061
Other,Other,1986,,1453,445,190000
Edwards,VinylSd,1941,60.0,1111,200,95000
OldTown,VinylSd,1928,60.0,720,484,105900
Other,Other,1940,60.0,1595,240,140000
CollgCr,VinylSd,1995,105.0,1200,521,177500
Other,HdBoard,1992,,1167,400,173000
Other,Other,1976,44.0,1142,528,134000
Other,Other,1958,92.0,1352,288,130000
Other,VinylSd,1998,78.0,1924,592,280000
Other,VinylSd,1978,,912,470,156000
Other,Other,1940,,1505,240,145000
Edwards,HdBoard,2003,64.0,1922,672,198500
Other,HdBoard,1972,21.0,987,264,118000
Other,HdBoard,1976,,1574,566,190000
Other,VinylSd,1920,59.0,1344,468,147000
NAmes,Other,1963,,1394,514,159000
NAmes,Other,1962,101.0,1431,296,165000
NAmes,HdBoard,1954,78.0,1268,244,132000
NAmes,Other,1959,,1287,576,162000
Other,VinylSd,2000,,1664,460,172400
Other,Other,1959,80.0,1588,680,134432
Other,Other,1984,50.0,752,264,125000
NAmes,Other,1953,79.0,1319,270,123000
CollgCr,VinylSd,2003,65.0,1928,434,219500
Edwards,Other,1922,,904,0,61000
CollgCr,VinylSd,1996,57.0,914,576,148000
Other,Other,2004,102.0,2466,610,340000
Other,VinylSd,2010,88.0,1856,834,394432
Other,VinylSd,2000,60.0,1800,463,179000
Other,Other,1924,50.0,1691,308,127000
Other,VinylSd,2006,60.0,1301,572,187750
CollgCr,VinylSd,2006,79.0,1797,639,213500
Other,Other,1928,60.0,784,360,76000
Other,HdBoard,1992,,1953,501,240000
Other,VinylSd,2004,43.0,1269,430,192000
Edwards,,1910,58.0,1184,0,81000
Edwards,Other,1976,72.0,1125,352,125000
CollgCr,VinylSd,1999,93.0,1479,577,191000
Other,VinylSd,2007,96.0,2332,846,426000
Edwards,Other,1900,50.0,1367,384,119000
Other,VinylSd,2001,71.0,1961,560,215000
NAmes,Other,1959,,882,294,106500
Other,Other,1941,,788,0,100000
OldTown,Other,1940,60.0,1034,240,109000
Edwards,Other,1956,68.0,1144,596,129000
CollgCr,Other,1972,60.0,894,600,123000
NAmes,VinylSd,1962,69.0,1812,264,169500
Other,Other,1920,60.0,1077,338,67000
Other,Other,2006,65.0,1550,438,241000
Other,Other,1996,38.0,1288,500,245500
CollgCr,VinylSd,2005,65.0,1310,400,164990
Other,Other,1940,60.0,672,240,108000
Other,,1998,93.0,2263,420,258000
Other,Other,1995,,1572,373,168000
Other,Other,1976,,1620,490,150000
Other,Other,1936,51.0,1639,240,115000
Other,Other,1915,63.0,1680,308,177000
Other,VinylSd,2006,109.0,2172,947,280000
Other,VinylSd,2007,85.0,2078,836,339750
Edwards,Other,1958,68.0,1276,350,60000
Other,Other,1955,100.0,1056,572,145000
Other,Other,2009,,1478,484,222000
OldTown,Other,1927,56.0,1028,360,115000
Other,VinylSd,1993,59.0,2097,678,228000
Other,VinylSd,2007,73.0,1340,396,181134
Other,HdBoard,1978,74.0,1400,440,149500
Other,Other,1918,86.0,2624,864,239000
Edwards,Other,1940,60.0,1134,240,126000
NAmes,VinylSd,1968,65.0,1056,304,142000
Other,VinylSd,1997,78.0,1344,784,206300
Other,Other,1977,,1602,529,215000
Other,HdBoard,1954,100.0,988,520,113000
Other,VinylSd,1998,80.0,2630,696,315000
NAmes,Other,1956,72.0,1196,297,139000
OldTown,HdBoard,1946,60.0,1389,240,135000
Other,Other,1989,,1644,569,275000
NAmes,Other,1957,77.0,907,352,109008
CollgCr,VinylSd,2007,64.0,1208,628,195400
Other,HdBoard,1988,130.0,1412,576,175000
Other,HdBoard,1971,21.0,987,264,85400
OldTown,Other,1920,60.0,1198,0,79900
Other,HdBoard,1971,24.0,1365,440,122500
Other,VinylSd,1997,100.0,1604,470,181000
Other,Other,1972,21.0,630,0,81000
CollgCr,VinylSd,1996,43.0,1661,550,212000
OldTown,Other,1920,40.0,1118,440,116000
Other,Other,1926,50.0,904,180,119000
Other,Other,1913,40.0,694,352,90350
Edwards,Other,1920,67.0,1196,528,110000
Other,VinylSd,2008,105.0,2402,672,555000
Edwards,VinylSd,1955,92.0,1440,0,118000
Other,Other,1930,52.0,1573,360,162900
Other,Other,2006,53.0,1258,648,172500
CollgCr,VinylSd,1994,70.0,1908,493,210000
Edwards,Other,1956,73.0,1689,480,127500
NAmes,Other,1966,137.0,1888,578,190000
Other,VinylSd,1998,,1886,431,199900
Other,Other,1937,50.0,1376,198,119500
OldTown,Other,1948,50.0,1183,308,120000
OldTown,Other,1930,70.0,813,270,110000
Other,Other,1975,62.0,1533,576,280000
Other,VinylSd,1996,,1756,422,204000
Other,VinylSd,2008,75.0,1590,676,210000
Other,Other,1976,63.0,1728,560,188000
Other,HdBoard,1973,80.0,1242,528,175500
OldTown,Other,1916,34.0,1344,513,98000
Other,Other,1954,,1663,529,256000
OldTown,Other,1925,,1666,228,161000
Other,Other,1950,,1203,352,110000
Other,VinylSd,2009,75.0,1935,552,263435
Other,Other,1936,60.0,1135,576,155000
Other,Other,1965,60.0,864,360,62383
Other,Other,1934,74.0,1660,240,188700
CollgCr,,1978,60.0,1040,0,124000
Other,VinylSd,2004,,1414,398,178740
NAmes,Other,1970,85.0,1277,526,167000
NAmes,Other,1942,79.0,1644,312,146500
Other,VinylSd,2006,98.0,1634,866,250000
Other,HdBoard,1993,76.0,1710,506,187000
Other,HdBoard,1985,,1502,528,212000
Other,Other,1977,92.0,1969,534,190000
Edwards,,2005,35.0,1072,525,148000
Other,VinylSd,2006,110.0,1976,908,440000
Other,Other,2000,41.0,1652,499,251000
Other,HdBoard,1963,80.0,970,624,132500
CollgCr,VinylSd,1997,75.0,1493,508,208900
Other,VinylSd,2006,105.0,2643,694,380000
CollgCr,VinylSd,2007,79.0,1718,826,297000
OldTown,Other,1937,50.0,1131,672,89471
Other,VinylSd,2004,98.0,1850,772,326000
Other,VinylSd,2003,72.0,1792,874,374000
OldTown,Other,1915,50.0,1826,164,155000
Other,VinylSd,1998,32.0,1216,402,164000
Other,HdBoard,1962,,999,264,132500
NAmes,Other,1950,80.0,1113,264,147000
NAmes,,1965,79.0,1073,515,156000
Other,Other,1971,70.0,1484,487,175000
OldTown,Other,1900,60.0,2414,520,160000
Other,Other,1970,21.0,630,286,86000
Other,Other,1976,,1304,336,115000
NAmes,Other,1941,79.0,1578,240,133000
Other,VinylSd,2006,105.0,1456,429,172785
NAmes,Other,1960,70.0,1269,308,155000
OldTown,Other,1938,50.0,886,273,91300
Other,Other,1920,60.0,720,0,34900
Other,Other,1992,,3228,546,430000
Other,Other,1925,60.0,1820,240,184000
Other,,1967,65.0,899,288,130000
NAmes,Other,1958,70.0,912,297,120000
Other,HdBoard,1973,21.0,1218,264,113000
Other,VinylSd,2005,75.0,1768,603,226700
Edwards,Other,1965,70.0,1214,461,140000
Other,Other,1959,100.0,1801,484,289000
Other,Other,1974,24.0,1322,440,147000
OldTown,Other,1952,60.0,1960,400,124500
Other,VinylSd,1993,80.0,1911,471,215000
Other,VinylSd,2009,75.0,1218,676,208300
OldTown,Other,1928,60.0,1378,360,161000
NAmes,Other,1959,80.0,1041,270,124500
NAmes,Other,1951,75.0,1363,288,164900
Other,VinylSd,2005,40.0,1368,474,202665
NAmes,VinylSd,1958,70.0,864,624,129900
Other,VinylSd,1983,71.0,1080,484,134000
Other,Other,1926,55.0,789,200,96500
Other,Other,2009,94.0,2020,900,402861
Other,HdBoard,1972,,2119,583,158000
Other,VinylSd,1996,79.0,2344,889,265000
CollgCr,VinylSd,1998,,1796,546,211000
Other,Other,1926,53.0,2080,282,234000
OldTown,Other,1900,60.0,1294,0,106250
NAmes,VinylSd,1957,90.0,1244,336,150000
Other,Other,1947,50.0,1664,420,159000
Edwards,Other,2007,130.0,4676,884,184750
Other,VinylSd,1996,95.0,2398,834,315750
Other,VinylSd,2005,62.0,1266,453,176000
NAmes,Other,1956,70.0,928,252,132000
Other,VinylSd,2008,67.0,2713,858,446261
Edwards,Other,1920,58.0,605,0,86000
Other,,1957,,2515,484,200624
Other,HdBoard,1988,85.0,1509,600,175000
Other,Other,1920,60.0,1362,502,128000
NAmes,VinylSd,1955,60.0,827,392,107500
Other,VinylSd,1946,50.0,334,0,39300
Other,VinylSd,2004,74.0,1414,403,178000
Edwards,Other,1910,70.0,1347,0,107500
CollgCr,VinylSd,1998,57.0,1724,527,188000
NAmes,Other,1972,,864,576,111250
Other,Other,1968,,1159,336,158000
CollgCr,VinylSd,2001,,1601,670,272000
Other,VinylSd,2006,85.0,1838,765,315000
Other,VinylSd,2000,,2285,648,248000
Other,VinylSd,1998,78.0,1680,583,213250
NAmes,Other,1998,34.0,767,367,133000
Other,VinylSd,2006,58.0,1496,426,179665
Other,HdBoard,1988,,2183,786,229000
Other,Other,1923,70.0,1635,440,210000
Other,VinylSd,1970,54.0,768,624,129500
OldTown,Other,1955,49.0,825,720,125000
Other,VinylSd,2003,75.0,2094,615,263000
Other,Other,1977,53.0,1069,440,140000
OldTown,Other,1957,50.0,928,288,112500
Other,VinylSd,2006,87.0,1717,908,255500
Edwards,VinylSd,1949,67.0,1126,520,108000
Other,VinylSd,2003,85.0,2046,871,284000
Other,Other,1922,58.0,1048,280,113000
NAmes,Other,1957,69.0,1092,299,141000
Other,Other,1920,60.0,1336,570,108000
Other,HdBoard,1996,57.0,1446,406,175000
Other,VinylSd,2003,,1557,420,234000
Other,Other,1957,,1392,528,121500
Other,HdBoard,1974,77.0,1389,418,170000
Edwards,Other,1940,63.0,996,0,108000
Edwards,Other,1918,66.0,1674,396,185000
Other,HdBoard,1992,,2295,590,268000
Other,Other,1915,66.0,1647,216,128000
Other,VinylSd,2005,77.0,2504,656,325000
Other,VinylSd,2004,70.0,1535,532,214000
Other,Other,1983,79.0,2132,612,316600
NAmes,Other,1979,,943,600,135960
NAmes,HdBoard,1965,74.0,1728,576,142600
NAmes,Other,1959,60.0,864,288,120000
Other,VinylSd,2009,83.0,1692,650,224500
Other,VinylSd,2000,76.0,1430,400,170000
NAmes,Other,1971,70.0,1109,288,139000
NAmes,Other,1947,80.0,1216,336,118500
Other,Other,1928,52.0,1477,216,145000
Other,VinylSd,1966,96.0,1320,564,164500
Other,VinylSd,2007,34.0,1392,540,146000
OldTown,Other,1954,81.0,1795,352,131500
NAmes,Other,1960,,1429,572,181900
Other,VinylSd,2008,98.0,2042,1390,253293
Edwards,HdBoard,1990,81.0,816,0,118500
OldTown,Other,1893,75.0,2775,880,325000
Other,Other,1935,51.0,1573,240,133000
Other,VinylSd,2005,88.0,2028,880,369900
Other,Other,1918,55.0,838,275,130000
Other,HdBoard,1982,74.0,860,528,137000
Other,Other,1968,65.0,1473,452,143000
Other,VinylSd,1930,50.0,935,308,79500
CollgCr,VinylSd,2004,64.0,1582,520,185900
Other,Other,2008,97.0,2296,842,451950
Other,HdBoard,1982,60.0,816,816,138000
CollgCr,VinylSd,2003,,848,420,140000
CollgCr,HdBoard,1975,88.0,924,280,110000
Other,VinylSd,2005,69.0,1826,758,319000
OldTown,VinylSd,1910,60.0,1368,216,114504
Other,VinylSd,2006,53.0,1402,648,194201
Other,Other,1977,80.0,1647,621,217500
Other,Other,1980,24.0,1556,452,151000
Other,VinylSd,2005,74.0,1904,736,275000
Other,Other,1937,50.0,1375,544,141000
Other,HdBoard,1992,80.0,1915,506,220000
Other,Other,2004,30.0,1200,480,151000
CollgCr,VinylSd,2002,88.0,1494,530,221000
NAmes,HdBoard,1965,85.0,1986,486,205000
CollgCr,VinylSd,1996,82.0,1040,576,152000
Edwards,Other,1948,78.0,2008,230,225000
Other,,1934,78.0,3194,380,359100
Other,VinylSd,1961,61.0,1029,261,118500
CollgCr,VinylSd,2000,,2153,736,313000
Other,HdBoard,1978,,1032,564,148000
CollgCr,VinylSd,2001,,1872,531,261500
Other,VinylSd,2007,70.0,1120,0,147000
Other,Other,1972,21.0,630,0,75500
NAmes,Other,1963,80.0,1054,480,137500
Other,VinylSd,2002,,1509,393,183200
NAmes,Other,1954,59.0,832,528,105500
Other,Other,2007,90.0,1828,774,314813
Other,VinylSd,2003,85.0,2262,749,305000
Edwards,Other,1914,45.0,864,0,67000
Other,HdBoard,1974,90.0,2614,624,240000
Other,Other,1977,71.0,980,484,135000
Other,Other,2000,,1512,440,168500
Other,VinylSd,1972,80.0,1790,484,165150
NAmes,Other,1962,87.0,1116,440,160000
NAmes,Other,1960,,1422,286,139900
NAmes,Other,1955,80.0,1520,364,153000
NAmes,Other,1969,70.0,2080,504,135000
NAmes,Other,1964,82.0,1350,520,168500
OldTown,VinylSd,1880,50.0,1750,240,124000
Other,VinylSd,2006,34.0,1554,627,209500
Other,Other,1977,85.0,1411,544,82500
NAmes,Other,1954,80.0,1056,260,139400
OldTown,Other,1980,64.0,1056,576,144000
Other,VinylSd,1914,60.0,3395,0,200000
Other,Other,1936,51.0,800,0,60000
OldTown,Other,1954,50.0,1387,256,93000
Edwards,Other,1910,67.0,796,0,85000
Other,VinylSd,2006,53.0,1567,648,264561
Other,Other,2003,62.0,1518,588,274000
Other,VinylSd,2001,,1929,650,226000
NAmes,Other,1972,75.0,2704,538,345000
Other,Other,1969,80.0,1620,462,152000
Other,Other,2009,85.0,1766,478,370878
NAmes,Other,1971,,981,576,143250
NAmes,Other,1950,60.0,1048,420,98300
Edwards,Other,1953,85.0,1094,495,155000
NAmes,Other,1966,70.0,1839,442,155000
Other,Other,1970,21.0,630,0,84500
Other,Other,2007,65.0,1665,562,205950
Edwards,Other,1940,60.0,1510,296,108000
CollgCr,VinylSd,1996,70.0,1716,512,191000
Other,Other,1906,60.0,1469,216,135000
Other,Other,1995,91.0,2113,839,350000
Other,HdBoard,1971,21.0,1092,264,88000
NAmes,HdBoard,1959,72.0,1053,312,145500
Other,Other,1931,60.0,1502,270,149000
NAmes,VinylSd,1948,78.0,1458,330,97500
Edwards,Other,1964,75.0,1486,480,167000
Other,Other,1976,,1935,550,197900
Other,VinylSd,1994,52.0,2448,711,402000
NAmes,Other,1968,120.0,1392,576,110000
Edwards,Other,1972,90.0,1181,588,137500
Other,VinylSd,2005,49.0,2097,1134,423000
Other,VinylSd,2000,106.0,1936,504,230500
NAmes,Other,1965,,2380,596,129000
Other,HdBoard,1994,65.0,1679,575,193500
Other,Other,1956,,1437,576,168000
,Other,1922,80.0,1180,252,137500
CollgCr,VinylSd,2005,64.0,1476,540,173500
Edwards,Other,1925,54.0,1369,300,103600
Other,Other,1977,,1208,546,165000
Other,Other,1957,110.0,1839,416,257500
NAmes,HdBoard,1965,80.0,1136,384,140000
Other,Other,1978,24.0,1441,440,148500
OldTown,Other,1900,60.0,1774,779,87000
OldTown,VinylSd,1924,52.0,792,240,109500
Other,VinylSd,2008,80.0,2046,834,372500
Other,Other,1961,,988,572,128500
Other,Other,1980,50.0,923,264,143000
Other,VinylSd,1932,55.0,1520,281,159434
Other,Other,1996,,1291,431,173000
CollgCr,VinylSd,2002,90.0,1668,702,285000
Other,VinylSd,1998,58.0,1839,486,221000
Other,HdBoard,1984,,2090,577,207500
Other,VinylSd,2007,84.0,1761,578,227875
Other,Other,2004,,1102,480,148800
Other,Other,2007,60.0,1419,567,392000
Other,VinylSd,2005,61.0,1362,460,194700
CollgCr,VinylSd,2004,,848,420,141000
Other,HdBoard,1994,104.0,4316,832,755000
Other,Other,1989,42.0,2519,628,335000
OldTown,Other,1921,60.0,1073,326,108480
,,1936,51.0,1539,576,141500
Other,HdBoard,1987,54.0,1137,551,176000
Other,Other,1921,50.0,616,205,89000
Edwards,Other,1952,57.0,1148,308,123500
Other,Other,1965,65.0,894,336,138500
Other,Other,2004,59.0,1391,530,196000
Other,VinylSd,2002,85.0,1800,765,312500
Other,HdBoard,1969,80.0,1164,528,140000
Other,VinylSd,2006,82.0,2576,666,361919
OldTown,Other,1900,76.0,1812,672,140000
CollgCr,VinylSd,2004,70.0,1484,606,213000
Other,VinylSd,1930,70.0,1092,0,55000
Other,Other,1971,,1824,739,302000
Other,Other,2006,48.0,1324,550,254000
Other,VinylSd,2007,65.0,1456,400,179540
Other,HdBoard,1966,,904,408,109900
Other,VinylSd,1935,56.0,729,0,52000
Other,Other,1900,66.0,1178,384,102776
Other,HdBoard,1988,40.0,1228,472,189000
Other,HdBoard,1970,60.0,960,576,129000
Other,HdBoard,1976,,1479,475,130500
Other,HdBoard,1974,78.0,1350,478,165000
OldTown,Other,1890,60.0,2554,704,159500
Other,HdBoard,1973,80.0,1178,439,157000
Other,Other,1993,96.0,2418,983,341000
CollgCr,HdBoard,1969,69.0,971,300,128500
Other,HdBoard,1985,,1742,564,275000
CollgCr,VinylSd,2004,,848,420,143000
NAmes,Other,1970,70.0,864,463,124500
Edwards,Other,1954,60.0,1470,548,135000
Edwards,Other,2007,86.0,1698,768,320000
NAmes,HdBoard,1970,60.0,864,660,120500
Other,Other,1988,,1680,540,222000
CollgCr,VinylSd,2007,64.0,1232,632,194500
NAmes,VinylSd,1958,85.0,1776,888,110000
Other,Other,1925,52.0,1208,539,103000
Other,Other,1995,39.0,1616,608,236500
Other,VinylSd,2003,73.0,1146,438,187500
CollgCr,VinylSd,1998,75.0,2031,541,222500
Other,HdBoard,1961,80.0,1144,264,131400
Other,Other,1968,,948,300,108000
,Other,1914,60.0,1768,320,163000
NAmes,Other,1950,60.0,1040,400,93500
Other,VinylSd,2005,72.0,1801,800,239900
Edwards,Other,1987,60.0,1200,0,179000
CollgCr,VinylSd,2004,65.0,1728,572,190000
OldTown,Other,1910,60.0,1432,360,132000
Other,HdBoard,1961,65.0,912,288,142000
Other,VinylSd,2000,65.0,1349,539,179000
Other,HdBoard,1963,70.0,1464,480,175000
Other,HdBoard,1993,41.0,1337,462,180000
Other,VinylSd,1976,,2715,831,299800
Other,VinylSd,2000,,2256,554,236000
OldTown,Other,1880,65.0,2640,864,265979
Other,VinylSd,1996,59.0,1720,527,260400
Edwards,Other,1945,50.0,1529,240,98000
OldTown,Other,1910,55.0,1140,0,96500
Other,VinylSd,2003,,1320,400,162000
CollgCr,VinylSd,1997,79.0,1494,576,217000
Other,VinylSd,2005,80.0,2098,878,275500
NAmes,Other,1969,61.0,1026,440,156000
Other,Other,1999,34.0,1471,440,172500
CollgCr,VinylSd,2007,68.0,1768,578,212000
Other,HdBoard,1978,,1386,440,158900
Other,Other,1999,24.0,1501,440,179400
Other,VinylSd,1995,65.0,2531,752,290000
NAmes,Other,1959,70.0,864,300,127500
Other,Other,1924,60.0,1301,440,100000
Other,VinylSd,2009,72.0,1547,614,215200
Other,VinylSd,1999,82.0,2365,856,337000
Other,Other,1995,30.0,1494,481,270000
Other,VinylSd,2008,75.0,1506,592,264132
Other,HdBoard,1988,80.0,1714,496,196500
Other,VinylSd,1940,75.0,1750,423,160000
CollgCr,VinylSd,2004,70.0,1836,484,216837
Other,Other,2003,47.0,3279,841,538000
Other,Other,1982,,858,576,134900
Edwards,,1951,67.0,1220,396,102000
,Other,1976,94.0,1117,672,107000
NAmes,Other,1958,70.0,912,275,114500
Other,VinylSd,2006,110.0,1973,895,395000
Other,VinylSd,1998,32.0,1204,412,162000
CollgCr,VinylSd,2005,86.0,1614,865,221500
Other,HdBoard,1974,100.0,894,440,142500
Other,Other,1977,60.0,2020,630,144000
Other,Other,1977,78.0,1004,504,135000
Other,HdBoard,1995,63.0,1253,402,176000
Other,VinylSd,1992,65.0,1603,484,175900
CollgCr,VinylSd,2001,67.0,1430,605,187100
Other,Other,1978,,1110,602,165500
OldTown,Other,1914,35.0,1484,0,128000
Other,Other,1967,,1342,457,161500
OldTown,,1915,60.0,1652,416,139000
Other,VinylSd,2004,76.0,2084,618,233000
OldTown,Other,1954,50.0,901,281,107900
Other,HdBoard,1966,,2087,444,187500
Other,VinylSd,2005,43.0,1145,397,160200
Other,HdBoard,1976,,1062,539,146800
Other,Other,1996,92.0,2013,455,269790
Other,Other,2007,76.0,1496,474,225000
Other,Other,1994,,1895,409,194500
Other,HdBoard,1980,70.0,1564,476,171000
Other,Other,1977,71.0,1285,528,143500
NAmes,VinylSd,1953,57.0,773,240,110000
Other,VinylSd,2008,104.0,3140,820,485000
Other,,1937,60.0,1768,240,175000
Other,VinylSd,1997,79.0,1688,603,200000
Other,Other,1916,40.0,1196,440,109900
CollgCr,Other,2005,63.0,1456,410,189000
Other,,2008,107.0,2822,1020,582933
NAmes,Other,1954,75.0,1128,286,118000
Other,VinylSd,2008,91.0,1428,554,227680
NAmes,VinylSd,1967,75.0,980,384,135500
Other,Other,1923,144.0,1576,528,223500
NAmes,VinylSd,1966,85.0,1086,484,159950
OldTown,Other,1898,90.0,2138,360,106000
Other,HdBoard,1974,78.0,1309,484,181000
CollgCr,VinylSd,2004,,848,420,144500
Other,Other,1952,66.0,1044,504,55993
NAmes,,1958,75.0,1442,301,157900
Edwards,Other,1918,45.0,1250,280,116000
CollgCr,VinylSd,1998,48.0,1661,598,224900
NAmes,Other,1954,,1008,275,137000
Other,Other,2002,,1689,857,271000
Other,HdBoard,1971,80.0,1052,440,155000
Other,VinylSd,2009,44.0,1358,484,224000
CollgCr,VinylSd,2003,72.0,1640,595,183000
OldTown,Other,1953,60.0,936,576,93000
Other,VinylSd,2003,,1733,433,225000
Other,,1940,60.0,1489,240,139500
Other,VinylSd,2006,81.0,1489,776,232600
Other,Other,2007,114.0,2084,1220,385000
Other,Other,1924,50.0,784,0,109500
Other,VinylSd,2001,65.0,1434,527,189000
Other,Other,1967,,2126,538,185000
Other,Other,2005,24.0,1223,480,147400
NAmes,HdBoard,1957,80.0,1392,458,166000
Other,Other,2005,30.0,1200,480,151000
CollgCr,VinylSd,2003,44.0,1829,613,237000
NAmes,HdBoard,1964,100.0,1516,472,167000
NAmes,VinylSd,1961,75.0,1144,456,139950
,VinylSd,1950,60.0,1067,436,128000
OldTown,VinylSd,1948,90.0,1559,812,153500
Other,HdBoard,1973,21.0,987,264,100000
CollgCr,VinylSd,1995,75.0,1099,352,144000
Edwards,Other,1946,70.0,1200,240,130500
Other,Other,1925,,1482,400,140000
OldTown,Other,1904,60.0,1539,686,157500
NAmes,HdBoard,1966,82.0,1165,490,174900
NAmes,Other,1961,80.0,1800,0,141000
OldTown,Other,1915,100.0,1416,720,153900
Other,HdBoard,1975,,1701,611,171000
Other,HdBoard,1993,75.0,1775,425,213000
CollgCr,HdBoard,1972,36.0,864,338,133500
Other,Other,1908,75.0,2358,360,240000
Other,Other,1976,80.0,1855,512,187000
CollgCr,VinylSd,2003,36.0,848,420,131500
Other,VinylSd,2003,,1456,400,215000
Other,Other,1941,53.0,1646,240,164000
NAmes,Other,1964,,1445,645,158000
Other,Other,1955,102.0,1779,454,170000
Other,HdBoard,1962,,1040,260,127000
CollgCr,Other,1978,,1026,576,147000
Other,HdBoard,1994,65.0,1481,343,174000
Other,HdBoard,1976,80.0,1370,479,152000
Other,HdBoard,1968,,2654,619,250000
Other,Other,1918,55.0,1426,216,189950
Other,Other,1965,75.0,1039,504,131500
Other,HdBoard,1984,81.0,1097,480,152000
NAmes,Other,1959,70.0,1148,672,132500
Other,,2007,72.0,1372,529,250580
NAmes,Other,1970,,1002,902,148500
Other,VinylSd,2006,67.0,1646,870,248900
Other,VinylSd,1961,85.0,1120,544,129000
Other,Other,1948,,2320,672,169000
Other,Other,1993,80.0,1949,574,236000
NAmes,Other,1962,60.0,894,308,109500
CollgCr,VinylSd,1998,70.0,1682,523,200500
NAmes,Other,1953,74.0,910,414,116000
NAmes,HdBoard,1949,60.0,1268,288,133000
OldTown,Other,1941,52.0,1131,200,66500
Other,Other,2007,75.0,2610,550,303477
Other,HdBoard,1963,94.0,1040,648,132250
Other,VinylSd,2004,74.0,2224,738,350000
,HdBoard,1961,88.0,1155,576,148000
CollgCr,VinylSd,1978,,864,336,136500
Edwards,VinylSd,2005,60.0,1090,450,157000
Other,HdBoard,1990,44.0,1717,400,187500
Other,VinylSd,1992,,1593,389,178000
Other,Other,1912,60.0,2230,440,118500
NAmes,HdBoard,1967,65.0,892,288,100000
Other,Other,1999,50.0,1709,506,328900
NAmes,Other,1959,70.0,1712,588,145000
Edwards,Other,1955,59.0,1393,300,135500
NAmes,Other,1970,95.0,2217,621,268000
NAmes,Other,1953,128.0,1505,505,149500
NAmes,Other,1949,60.0,924,576,122900
Other,HdBoard,1978,70.0,1683,440,172500
Other,HdBoard,1963,70.0,1068,264,154500
Other,Other,1954,,1383,354,165000
Other,Other,1979,64.0,1535,400,118858
NAmes,HdBoard,1963,71.0,1796,483,140000
Other,Other,1936,50.0,951,327,106500
Other,Other,1979,64.0,2240,528,142953
Other,VinylSd,2009,100.0,2364,820,611657
Other,HdBoard,1961,65.0,1236,288,135000
NAmes,HdBoard,1971,,858,684,110000
NAmes,Other,1957,64.0,1306,756,153000
Other,VinylSd,2003,63.0,1509,393,180000
Other,,2006,50.0,1670,690,240000
Other,HdBoard,1967,,902,288,125500
NAmes,,1954,80.0,1063,280,128000
Other,VinylSd,2006,116.0,1636,865,255000
Other,Other,1936,86.0,2057,180,250000
Other,HdBoard,1983,,902,484,131000
Other,VinylSd,2005,149.0,1484,390,174000
NAmes,Other,1960,80.0,2274,480,154300
CollgCr,HdBoard,1977,,1268,252,143500
Other,Other,1925,51.0,1015,450,88000
Other,Other,1949,82.0,2002,871,145000
Other,VinylSd,2009,30.0,1224,528,173733
Other,Other,1970,21.0,1092,286,75000
Other,Other,1949,50.0,480,308,35311
Edwards,VinylSd,1956,,1229,284,135000
Other,HdBoard,1991,103.0,2127,833,238000
NAmes,Other,1958,87.0,1414,601,176500
Other,HdBoard,1994,70.0,1721,471,201000
Edwards,Other,1900,67.0,2200,0,145900
Other,VinylSd,2005,65.0,1316,397,169990
Other,Other,1993,50.0,1617,533,193000
Other,Other,1980,79.0,1686,612,207500
Other,VinylSd,1977,,1126,540,175000
Other,VinylSd,2003,93.0,2374,656,285000
Other,Other,1968,,1978,486,176000
CollgCr,VinylSd,2001,,1788,522,236500
Other,HdBoard,1997,,2236,642,222000
Other,VinylSd,2007,73.0,1466,610,201000
NAmes,VinylSd,1965,70.0,925,429,117500
Other,VinylSd,2006,84.0,1905,788,320000
CollgCr,VinylSd,2004,63.0,1500,570,190000
NAmes,Other,1960,313.0,2069,505,242000
Other,Other,1926,52.0,747,528,79900
Other,VinylSd,2003,67.0,1200,555,184900
Other,VinylSd,2005,75.0,1971,689,253000
,VinylSd,2006,73.0,1962,868,239799
Other,Other,1940,,2403,349,244400
Other,Other,1976,55.0,1728,574,150900
Other,VinylSd,1999,,2060,390,214000
Edwards,Other,1977,42.0,1440,0,150000
Other,HdBoard,1967,100.0,1632,576,143000
Other,HdBoard,1958,,1344,525,137500
OldTown,VinylSd,1890,98.0,1869,456,124900
NAmes,HdBoard,1959,70.0,1144,796,143000
Other,VinylSd,2002,85.0,1629,808,270000
CollgCr,VinylSd,2002,65.0,1776,474,192500
Other,Other,1972,78.0,1381,676,197500
NAmes,VinylSd,1950,60.0,864,720,129000
Other,VinylSd,1965,60.0,965,300,119900
CollgCr,Other,1972,60.0,768,396,133900
Other,HdBoard,1969,,1968,530,172000
Edwards,,1975,35.0,980,0,127500
Other,Other,1946,82.0,1958,492,145000
Other,Other,1980,24.0,1229,462,124000
Other,Other,1962,70.0,1057,576,132000
CollgCr,VinylSd,2003,65.0,1337,531,185000
Other,Other,1999,24.0,1416,484,155000
Other,Other,1958,50.0,858,0,116500
Other,HdBoard,1977,,2872,619,272000
Other,Other,1976,24.0,1548,440,155000
CollgCr,VinylSd,2007,122.0,1800,702,239000
Other,VinylSd,2002,80.0,1894,510,214900
Other,VinylSd,2005,65.0,1484,393,178900
Other,Other,1940,130.0,1308,256,160000
NAmes,Other,1955,,1098,260,135000
OldTown,VinylSd,1910,50.0,968,0,37900
NAmes,HdBoard,1958,75.0,1095,264,140000
NAmes,Other,1949,60.0,1192,0,135000
Other,VinylSd,2003,36.0,1626,474,173000
Other,Other,1979,55.0,918,264,99500
Other,Other,2007,95.0,1428,480,182000
Other,HdBoard,1910,60.0,2019,532,167500
Other,Other,2000,,1382,490,165000
Other,Other,1923,51.0,869,0,85500
Other,VinylSd,2006,35.0,1241,569,199900
Edwards,Other,1954,68.0,894,400,110000
Other,VinylSd,1963,80.0,1121,480,139000
NAmes,Other,1961,,999,588,178400
Other,VinylSd,1998,98.0,2612,676,336000
Other,VinylSd,2007,43.0,1266,388,159895
CollgCr,Other,2002,,2290,779,255900
Other,Other,1977,75.0,1734,539,126000
Edwards,Other,1950,68.0,1164,240,125000
OldTown,VinylSd,1910,59.0,1635,255,117000
Other,VinylSd,2009,83.0,1940,606,395192
Other,Other,1976,,2030,551,195000
Other,VinylSd,2006,65.0,1576,614,197000
Other,VinylSd,1997,82.0,2392,870,348000
OldTown,Other,1882,121.0,1742,424,168000
NAmes,Other,1964,80.0,1851,440,187000
CollgCr,VinylSd,2005,68.0,1500,564,173900
Other,Other,2006,96.0,1718,786,337500
Other,Other,1946,51.0,1230,305,121600
NAmes,Other,1961,,1050,368,136500
Other,HdBoard,1970,,1442,615,185000
Other,Other,1922,60.0,1077,210,91000
CollgCr,VinylSd,2006,64.0,1208,632,206000
Edwards,Other,1952,74.0,944,528,82000
OldTown,Other,1920,60.0,691,216,86000
Other,VinylSd,2006,75.0,1574,824,232000
Other,VinylSd,1976,,1680,528,136905
Other,VinylSd,2005,43.0,1504,457,181000
CollgCr,HdBoard,1977,65.0,985,328,149900
NAmes,Other,1970,,1657,484,163500
Other,Other,1970,21.0,1092,286,88000
Other,VinylSd,2004,43.0,1710,550,240000
Other,Other,1926,60.0,1522,0,102000
Other,Other,1948,115.0,1271,312,135000
Edwards,Other,1965,75.0,1664,0,100000
Other,Other,1923,55.0,1502,180,165000
OldTown,Other,1910,60.0,1022,280,85000
NAmes,,1948,60.0,1082,240,119200
Other,VinylSd,2001,70.0,1665,528,227000
CollgCr,VinylSd,1996,73.0,1504,478,203000
Other,HdBoard,1984,,1360,565,187500
Other,HdBoard,1991,,1472,402,160000
Other,VinylSd,2005,43.0,1506,440,213490
Edwards,VinylSd,2005,60.0,1132,451,176000
CollgCr,VinylSd,2006,64.0,1220,632,194000
OldTown,Other,1930,52.0,1248,160,87000
Other,VinylSd,2005,43.0,1504,437,191000
Other,Other,1976,,2898,665,287000
CollgCr,VinylSd,1972,70.0,882,461,112500
NAmes,Other,1960,73.0,1264,461,167500
Other,VinylSd,2007,71.0,1646,800,293077
NAmes,Other,1941,79.0,1376,240,105000
Other,HdBoard,1972,21.0,1218,264,118000
Other,VinylSd,1916,,1928,0,160000
Other,Other,1920,102.0,3082,672,197000
Other,Other,1993,,2520,796,310000
CollgCr,VinylSd,2002,,1654,900,230000
Other,Other,1938,50.0,954,240,119750
Edwards,Other,1957,,845,290,84000
Other,VinylSd,2007,89.0,1620,912,315500
CollgCr,VinylSd,2001,,2263,905,287000
Other,Other,1970,21.0,1344,0,97000
Other,Other,1970,21.0,630,286,80000
Other,Other,1957,88.0,1803,484,155000
Other,HdBoard,1966,,1632,484,173000
Other,VinylSd,2005,34.0,1306,624,196000
Other,HdBoard,1990,86.0,2329,514,262280
Other,,1981,80.0,2524,542,278000
Edwards,Other,1955,,1733,452,139600
Other,Other,2005,85.0,2868,716,556581
CollgCr,VinylSd,1994,57.0,990,672,145000
Other,HdBoard,1960,100.0,1771,336,115000
Edwards,Other,1946,60.0,930,308,84900
Other,VinylSd,2007,73.0,1302,436,176485
CollgCr,VinylSd,2007,103.0,1316,440,200141
NAmes,VinylSd,1964,100.0,1977,540,165000
Edwards,,1957,68.0,1526,364,144500
CollgCr,VinylSd,2002,90.0,1989,586,255000
Other,Other,1976,104.0,1523,478,180000
Other,VinylSd,2005,43.0,1364,484,185850
Other,HdBoard,1994,,1850,467,248000
Other,VinylSd,2008,96.0,2184,836,335000
Other,Other,1932,,1991,432,220000
Other,Other,2001,41.0,1338,582,213500
Other,Other,1935,120.0,894,1248,81000
OldTown,Other,1900,85.0,2337,560,90000
OldTown,Other,1925,50.0,1103,440,110500
NAmes,Other,1966,,1154,480,154000
Other,Other,1996,80.0,2260,533,328000
Other,,1993,59.0,1571,380,178000
NAmes,HdBoard,1964,80.0,1611,442,167900
Other,Other,1973,42.0,2521,576,151400
NAmes,Other,1949,60.0,893,576,135000
NAmes,Other,1956,72.0,1048,286,135000
Other,Other,1968,78.0,1556,441,154000
Edwards,Other,1948,50.0,1456,280,91500
Edwards,HdBoard,1977,75.0,1426,440,159500
CollgCr,VinylSd,2006,74.0,1240,826,194000
Other,Other,1940,75.0,1740,240,219500
OldTown,Other,1936,60.0,1466,566,170000
NAmes,VinylSd,1969,,1096,299,138800
CollgCr,VinylSd,2004,37.0,848,420,155900
CollgCr,VinylSd,1994,65.0,990,299,126000
Other,VinylSd,1971,80.0,1258,528,145000
Other,HdBoard,1963,75.0,1040,308,133000
CollgCr,VinylSd,2002,70.0,1459,527,192000
NAmes,HdBoard,1964,80.0,1251,461,160000
Other,HdBoard,1995,,1498,409,187500
Other,HdBoard,1992,73.0,996,564,147000
Other,,1973,,1092,286,83500
Other,VinylSd,2005,85.0,1953,1043,252000
Edwards,VinylSd,2004,24.0,1709,380,137500
Other,Other,2005,37.0,1247,550,197000
NAmes,Other,1950,60.0,1040,400,92900
Other,Other,1999,24.0,1252,462,160000
Other,Other,1925,60.0,1694,576,136500
NAmes,Other,1965,71.0,1200,884,146000
NAmes,Other,1956,74.0,936,308,129000
CollgCr,VinylSd,2006,78.0,1314,440,176432
Other,Other,1914,60.0,1355,0,127000
Other,HdBoard,1986,,1088,461,170000
Other,Other,1936,50.0,1324,240,128000
Other,Other,1978,82.0,1601,478,157000
Other,Other,1920,60.0,438,246,60000
NAmes,HdBoard,1971,61.0,950,280,119500
NAmes,Other,1960,70.0,1134,254,135000
NAmes,Other,1959,79.0,1194,539,159500
Other,HdBoard,1970,24.0,1302,440,106000
Other,HdBoard,1994,98.0,2622,712,325000
Other,HdBoard,1990,114.0,1442,719,179900
Other,VinylSd,2006,168.0,2021,422,274725
Other,VinylSd,2000,,1690,463,181000
Other,Other,2004,107.0,1836,862,280000
Other,HdBoard,1995,,1658,431,188000
Other,Other,1976,80.0,1964,483,205000
NAmes,Other,1957,73.0,816,308,129900
NAmes,Other,1953,66.0,1008,240,134500
OldTown,Other,1954,90.0,833,326,117000
Other,VinylSd,2007,93.0,1734,928,318000
Other,VinylSd,2002,,1419,527,184100
Other,VinylSd,1967,57.0,894,450,130000
Other,Other,1958,85.0,1601,300,140000
NAmes,Other,1959,70.0,1040,286,133700
Other,Other,1920,59.0,1012,308,118400
CollgCr,VinylSd,2005,84.0,1552,782,212900
Edwards,Other,1956,,960,288,112000
Edwards,VinylSd,1947,50.0,698,0,118000
Other,HdBoard,1992,,1482,392,163900
NAmes,Other,1955,60.0,1005,672,115000
Other,VinylSd,2007,53.0,1555,660,174000
Other,VinylSd,2004,182.0,1530,630,259000
Other,VinylSd,2004,59.0,1959,434,215000
OldTown,Other,1980,60.0,936,672,140000
Other,Other,1928,65.0,1981,576,135000
Other,HdBoard,1991,63.0,974,0,93500
OldTown,Other,1880,90.0,2210,205,117500
Other,VinylSd,1995,80.0,2020,466,239500
Other,VinylSd,1997,57.0,1600,460,169000
Other,Other,1926,60.0,986,180,102000
NAmes,VinylSd,1950,80.0,1252,288,119000
Other,VinylSd,1875,54.0,1020,0,94000
Other,Other,1977,,1567,714,196000
Other,Other,1920,98.0,1167,495,144000
NAmes,HdBoard,1951,60.0,952,840,139000
Other,Other,1976,,1868,484,197500
CollgCr,VinylSd,2006,77.0,2828,1052,424870
Other,Other,1959,,1006,0,80000
Edwards,Other,1941,60.0,924,280,80000
Other,Other,1928,52.0,1576,225,149000
Other,Other,1985,,1298,403,180000
Other,Other,1941,75.0,1564,234,174500
OldTown,Other,1926,,1111,288,116900
OldTown,VinylSd,1920,50.0,1482,324,143000
NAmes,Other,1950,57.0,932,306,124000
Edwards,HdBoard,1959,134.0,1466,528,149900
Other,Other,1956,90.0,1811,470,230000
Other,Other,1930,,816,432,120500
NAmes,VinylSd,1965,,1820,492,201800
Other,Other,1976,90.0,1437,528,218000
NAmes,Other,1965,85.0,1265,502,179900
Other,VinylSd,2007,34.0,1314,626,230000
Other,VinylSd,2007,92.0,1580,830,235128
Other,HdBoard,1974,76.0,1876,540,185000
Other,Other,1978,24.0,1456,440,146000
Other,HdBoard,1954,,1640,924,224000
Other,VinylSd,1968,109.0,894,450,129000
Other,Other,1969,60.0,1258,400,108959
Other,Other,1978,,1432,588,194000
Other,VinylSd,2009,79.0,1502,644,233170
CollgCr,VinylSd,2008,64.0,1694,776,245350
Other,VinylSd,2000,58.0,1671,472,173000
Edwards,Other,1935,120.0,2108,540,235000
Other,HdBoard,1995,118.0,3627,807,625000
Other,Other,1977,76.0,1118,358,171000
NAmes,Other,1958,76.0,1261,433,163000
Other,Other,2006,35.0,1250,625,171900
Other,Other,1946,138.0,3086,0,200500
Other,Other,1932,80.0,2345,360,239000
Other,HdBoard,1992,85.0,2872,541,285000
Other,HdBoard,1984,37.0,923,264,119500
OldTown,,1926,,1224,210,115000
Other,Other,1921,54.0,1343,186,154900
Edwards,Other,1954,77.0,1124,0,93000
Other,Other,1990,,2514,693,250000
Other,Other,2008,64.0,1652,482,392500
Other,Other,1996,160.0,4476,813,745000
OldTown,Other,1920,60.0,1130,720,120000
Other,Other,1963,50.0,1572,995,186700
Edwards,Other,1924,60.0,1221,392,104900
OldTown,HdBoard,1900,107.0,1699,420,95000
Other,,1994,89.0,1624,757,262000
CollgCr,VinylSd,2002,68.0,1660,493,195000
Other,,1999,60.0,1804,442,189000
Other,Other,1961,,1622,1356,168000
Other,Other,1999,24.0,1441,492,174000
OldTown,VinylSd,1925,60.0,1472,250,125000
Other,VinylSd,1999,,1224,402,165000
Other,HdBoard,1969,80.0,1352,299,158000
Other,VinylSd,2005,51.0,1456,400,176000
,VinylSd,2006,58.0,1863,660,219210
OldTown,Other,1916,65.0,1690,225,144000
CollgCr,VinylSd,2001,70.0,1212,573,178000
Other,HdBoard,1963,75.0,1382,459,148000
NAmes,Other,1970,71.0,864,280,116050
CollgCr,VinylSd,1998,80.0,1779,546,197900
Other,Other,1925,50.0,1348,216,117000
CollgCr,VinylSd,2000,75.0,1630,451,213000
Other,HdBoard,1975,78.0,1074,495,153500
Other,HdBoard,1990,90.0,2196,701,271900
Other,HdBoard,1966,,1056,384,107000
CollgCr,VinylSd,2003,70.0,1700,544,200000
NAmes,Other,1962,70.0,1283,506,140000
Other,VinylSd,2006,85.0,1660,500,290000
Other,Other,1992,70.0,1845,462,189000
Other,Other,1988,152.0,1752,492,164000
Edwards,Other,1941,50.0,672,234,113000
Other,VinylSd,1965,,960,364,145000
NAmes,Other,1962,69.0,999,300,134500
Other,VinylSd,1966,99.0,894,384,125000
Other,VinylSd,1978,68.0,1902,539,112000
Other,Other,2009,72.0,1314,552,229456
Other,Other,1947,52.0,912,0,80500
Other,Other,1971,21.0,1218,0,91500
NAmes,Other,1964,66.0,912,288,115000
Other,HdBoard,1968,55.0,1211,322,134000
NAmes,Other,1949,78.0,1846,315,143000
NAmes,Other,1951,89.0,2136,528,137900
Other,VinylSd,2004,60.0,1490,388,184000
NAmes,VinylSd,1958,65.0,1138,264,145000
Other,VinylSd,2007,86.0,1933,668,214000
NAmes,VinylSd,1965,72.0,912,576,147000
Other,Other,2008,65.0,1702,1052,367294
NAmes,Other,1960,70.0,1507,404,127000
Other,Other,1977,,2620,600,190000
NAmes,Other,1962,70.0,1190,540,132500
NAmes,HdBoard,1962,70.0,1224,462,101800
NAmes,Other,1959,,1188,531,142000
Other,Other,1911,55.0,1964,0,130000
Other,Other,1914,96.0,1784,180,138887
Other,VinylSd,2003,36.0,1626,474,175500
CollgCr,VinylSd,2004,41.0,1948,434,195000
Other,VinylSd,2005,63.0,1141,484,142500
Other,VinylSd,2006,64.0,1484,472,265900
CollgCr,VinylSd,2003,65.0,1768,543,224900
Other,VinylSd,2007,83.0,1689,954,248328
Other,Other,1974,85.0,1173,528,170000
,VinylSd,2006,107.0,2076,850,465000
Other,Other,1929,,1517,400,230000
Other,VinylSd,1984,78.0,1868,477,178000
Other,VinylSd,2005,65.0,1553,615,186500
Other,HdBoard,1976,,1034,888,169900
OldTown,Other,1917,60.0,2058,396,129500
NAmes,Other,1950,60.0,988,276,119000
NAmes,Other,1968,93.0,2110,522,244000
Other,VinylSd,2003,,1405,478,171750
Other,HdBoard,1968,62.0,874,288,130000
Other,Other,1974,,2167,518,294000
Edwards,VinylSd,2003,60.0,1656,397,165400
Other,Other,1931,52.0,1367,560,127500
Other,HdBoard,1994,91.0,1987,691,301500
Edwards,Other,1922,56.0,864,0,99900
Other,VinylSd,2005,59.0,1166,400,190000
NAmes,HdBoard,1969,65.0,1054,460,151000
Other,VinylSd,1999,,1675,502,181000
NAmes,Other,1956,80.0,1050,338,128900
Other,Other,1957,,1788,304,161500
Other,Other,1919,60.0,1824,520,180500
NAmes,Other,1998,34.0,1337,511,181000
Other,Other,1999,35.0,1452,506,183900
OldTown,Other,1910,60.0,1889,308,122000
Other,Other,2008,89.0,2018,746,378500
Other,Other,1935,,3447,1014,381000
NAmes,Other,1958,78.0,1524,315,144000
Other,Other,1979,,1524,586,260000
Other,Other,1968,,1489,462,185750
Other,HdBoard,1965,,935,288,137000
Edwards,Other,1959,124.0,1357,312,177000
Other,Other,1910,53.0,1250,552,139000
NAmes,Other,1948,95.0,1920,400,137000
Other,HdBoard,1972,,1395,497,162000
Other,HdBoard,1967,,1724,480,197900
CollgCr,VinylSd,2002,75.0,2031,577,237000
Other,Other,1920,60.0,1128,528,68400
CollgCr,VinylSd,2002,67.0,1573,544,227000
Other,HdBoard,1990,50.0,1339,484,180000
CollgCr,HdBoard,1977,61.0,1040,484,150500
Other,Other,1971,94.0,1824,0,139000
Other,Other,1919,50.0,2447,336,169000
Other,Other,1939,50.0,1412,280,132500
Other,HdBoard,1963,,1328,528,143000
Other,Other,1964,,1582,390,190000
Other,Other,2000,40.0,1659,499,278000
Other,VinylSd,2006,86.0,1970,753,281000
NAmes,Other,1964,,1152,484,180500
Other,Other,1972,21.0,1302,264,119500
OldTown,Other,1892,60.0,2372,432,107500
Other,HdBoard,1976,78.0,1664,528,162900
Edwards,Other,1955,60.0,864,572,115000
NAmes,HdBoard,1968,70.0,1052,288,138500
NAmes,Other,1963,80.0,1128,525,155000
Edwards,VinylSd,2005,35.0,1072,525,140000
Edwards,Other,2008,313.0,5642,1418,160000
NAmes,Other,1959,75.0,1246,305,154000
Other,VinylSd,1999,,1983,490,225000
Other,Other,1942,,1494,213,177500
,VinylSd,1994,92.0,2526,844,290000
Other,VinylSd,2005,73.0,1616,834,232000
Edwards,VinylSd,2004,32.0,1708,380,130000
Other,VinylSd,2006,108.0,1652,840,325000
Other,VinylSd,2005,48.0,1368,474,202500
CollgCr,VinylSd,1994,60.0,990,480,138000
OldTown,,1948,100.0,1122,528,147000
Other,HdBoard,1991,,1294,496,179200
Other,Other,1959,100.0,1902,567,335000
CollgCr,VinylSd,2005,68.0,1274,508,203000
Other,Other,1990,,2810,750,302000
Other,VinylSd,1999,108.0,2599,779,333168
Edwards,Other,1954,60.0,948,280,119000
NAmes,HdBoard,1969,85.0,2112,576,206900
CollgCr,VinylSd,2008,61.0,1630,860,295493
Other,VinylSd,2006,47.0,1352,466,208900
CollgCr,VinylSd,2001,,1787,748,275000
Edwards,,1954,75.0,948,248,111000
NAmes,Other,1957,70.0,1478,442,156500
Other,VinylSd,1949,,720,287,72500
Other,HdBoard,1992,107.0,1923,564,190000
Other,VinylSd,1940,50.0,708,0,82500
Other,VinylSd,2006,75.0,1795,895,147000
Other,Other,1922,40.0,796,0,55000
Edwards,Other,1931,70.0,774,0,79000
Other,VinylSd,1982,60.0,816,264,130500
OldTown,Other,1920,60.0,2792,520,256000
Other,VinylSd,1998,63.0,1632,462,176500
Other,VinylSd,2006,85.0,1588,825,227000
CollgCr,Other,1976,55.0,954,576,132500
Edwards,Other,1938,67.0,816,288,100000
Other,Other,1938,60.0,1360,297,125500
Other,HdBoard,1970,24.0,1365,440,125000
Other,Other,1977,80.0,1334,630,167900
Other,Other,1973,87.0,1656,506,135000
OldTown,Other,1941,153.0,693,0,52500
CollgCr,VinylSd,2002,95.0,1861,492,200000
CollgCr,Other,1972,120.0,864,288,128500
NAmes,Other,1971,70.0,872,480,123000
Other,VinylSd,2003,66.0,1114,576,155000
CollgCr,VinylSd,2002,,2169,647,228500
Other,Other,1928,57.0,1913,342,177000
CollgCr,VinylSd,2006,85.0,1456,440,155835
OldTown,Other,1920,50.0,960,308,108500
Other,Other,1968,,2156,508,262500
Other,VinylSd,2006,93.0,1776,712,283463
Other,VinylSd,1998,,1494,514,215000
OldTown,Other,1872,50.0,2358,0,122000
NAmes,Other,1969,91.0,2634,968,200000
NAmes,HdBoard,1962,70.0,1716,490,171000
Other,Other,1937,50.0,1176,624,134900
Other,VinylSd,1995,56.0,3238,666,410000
CollgCr,VinylSd,2000,,1865,839,235000
Other,Other,1968,102.0,1920,487,170000
NAmes,,1966,,892,264,110000
NAmes,VinylSd,1971,,1078,500,149900
Other,Other,2000,,1573,440,177500
Other,VinylSd,2004,129.0,1980,770,315000
Other,Other,1921,51.0,2601,621,189000
Other,VinylSd,2005,124.0,1530,430,260000
NAmes,VinylSd,1920,,1738,368,104900
Other,VinylSd,2006,73.0,1412,432,156932
Other,Other,2005,30.0,1200,480,144152
Other,VinylSd,2000,,1674,663,216000
CollgCr,VinylSd,1999,68.0,1790,588,193000
Other,Other,1977,41.0,1475,336,127000
CollgCr,VinylSd,2003,,848,420,144000
CollgCr,VinylSd,2003,48.0,1668,502,232000
OldTown,Other,1920,90.0,1374,338,105000
NAmes,Other,1955,80.0,1661,377,165500
CollgCr,VinylSd,1998,75.0,2097,583,274300
Other,VinylSd,2001,,2633,804,466500
Other,Other,2005,85.0,1958,936,250000
Other,VinylSd,2007,89.0,1571,722,239000
Other,Other,1930,52.0,790,160,91000
Edwards,Other,1941,60.0,1604,660,117000
Other,HdBoard,1973,21.0,987,264,83000
Other,VinylSd,2006,73.0,1394,400,167500
Edwards,Other,1914,45.0,864,200,58500
NAmes,Other,1970,,2117,550,237500
OldTown,Other,1920,60.0,1762,576,157000
Other,Other,1918,,1416,576,112000
Edwards,Other,1939,60.0,1258,280,105000
Other,VinylSd,1922,40.0,1154,240,125500
Other,Other,1978,80.0,2784,564,250000
OldTown,Other,1916,60.0,2526,216,136000
Other,VinylSd,2006,42.0,1746,758,377500
Other,Other,1941,60.0,1218,440,131000
CollgCr,VinylSd,2000,70.0,1525,541,235000
NAmes,Other,1967,65.0,1584,792,124000
NAmes,HdBoard,1967,68.0,900,288,123000
OldTown,Other,1905,60.0,1912,672,163000
Other,VinylSd,2006,53.0,1500,648,246578
Other,VinylSd,2005,88.0,2482,642,281213
Other,Other,1948,,1687,572,160000
Other,Other,1920,51.0,1513,180,137500
NAmes,VinylSd,1950,60.0,1904,240,138000
Other,Other,1925,51.0,1608,216,137450
Other,Other,1929,50.0,1158,208,120000
Other,VinylSd,2004,62.0,1593,398,193000
CollgCr,VinylSd,2006,64.0,1294,662,193879
Other,VinylSd,2007,49.0,1464,754,282922
OldTown,Other,1915,60.0,1214,936,105000
Other,Other,2004,44.0,1646,482,275000
,HdBoard,1972,70.0,768,396,133000
Other,HdBoard,1985,,833,0,112000
OldTown,VinylSd,1910,60.0,1363,528,125500
Other,Other,1986,46.0,2093,542,215000
CollgCr,VinylSd,2001,79.0,1840,622,230000
NAmes,VinylSd,1950,80.0,1668,271,140000
NAmes,Other,1949,60.0,1040,420,90000
Other,VinylSd,2005,88.0,1844,620,257000
Other,,1923,64.0,1848,370,207000
Other,VinylSd,2007,51.0,1569,660,175900
OldTown,VinylSd,1885,60.0,2290,560,122500
Other,VinylSd,1998,,2450,1069,340000
NAmes,HdBoard,1963,71.0,1144,336,124000
Other,Other,1969,,1844,540,223000
Other,HdBoard,1968,90.0,1416,776,179900
Other,Other,1977,53.0,1069,440,127500
CollgCr,VinylSd,2003,37.0,848,420,136500
Edwards,Other,1966,,2201,432,274970
NAmes,HdBoard,1958,,1344,484,144000
NAmes,HdBoard,1959,80.0,1252,528,142000
Other,VinylSd,1994,81.0,2127,525,271000
NAmes,,1945,60.0,1558,288,140000
OldTown,Other,1940,60.0,804,240,119000
Other,Other,1981,,1440,467,182900
Other,VinylSd,2005,60.0,1838,372,192140
Other,Other,1976,,958,440,143750
OldTown,Other,1927,60.0,968,216,64500
Other,VinylSd,2000,93.0,1792,451,186500
Other,Other,1977,80.0,1126,484,160000
NAmes,Other,1962,80.0,1537,462,174000
NAmes,HdBoard,1971,60.0,864,528,120500
Other,VinylSd,2008,96.0,1932,774,394617
OldTown,Other,1957,90.0,1236,923,149700
Other,HdBoard,1979,80.0,1725,550,197000
Other,Other,1922,79.0,2555,672,191000
CollgCr,VinylSd,2004,,848,420,149300
Other,VinylSd,2008,85.0,2007,812,310000
Other,Other,1916,,952,192,121000
CollgCr,VinylSd,2004,63.0,1422,626,179600
Other,VinylSd,1966,70.0,913,240,129000
Other,HdBoard,1962,,1188,312,157900
CollgCr,VinylSd,1995,80.0,2090,556,240000
Edwards,Other,1910,70.0,1346,384,112000
Other,Other,1970,21.0,630,0,92000
NAmes,VinylSd,1974,60.0,1792,0,136000
Other,Other,2008,78.0,1578,840,287090
Edwards,VinylSd,2005,35.0,1072,525,145000
Other,VinylSd,2006,90.0,1140,0,84500
Other,VinylSd,2004,62.0,1221,400,185000
Other,VinylSd,1999,62.0,1647,460,175000
Other,Other,1978,85.0,2073,500,210000
Other,Other,1941,66.0,2340,252,266500
NAmes,Other,1950,68.0,1078,240,142125
Edwards,HdBoard,1965,75.0,1256,276,147500
